City_ID,City,Country,Date,Lat,Lng,Max Temp,Humidity,Cloudiness,Wind Speed
0,Waingapu,ID,2021-06-01 06:51:14,-9.6567,120.2641,83.01,67,100,7.87
1,Punta Arenas,CL,2021-06-01 06:51:15,-53.15,-70.9167,28.51,86,40,3.74
2,Taylorville,US,2021-06-01 06:48:52,39.5489,-89.2945,61.21,77,1,4.61
3,Vaini,TO,2021-06-01 06:51:15,-21.2,-175.2,68.16,100,90,0.0
4,Albany,US,2021-06-01 06:49:01,42.6001,-73.9662,49.84,89,100,3.44
5,Saint-Georges,GD,2021-06-01 06:46:19,12.0564,-61.7485,79.02,71,40,14.45
6,San Isidro,PE,2021-06-01 06:51:16,-12.1167,-77.05,63.01,96,90,7.23
7,Carnarvon,AU,2021-06-01 06:51:17,-24.8667,113.6333,71.67,46,74,13.8
8,Katsuura,JP,2021-06-01 06:51:17,35.1333,140.3,75.31,68,8,9.17
9,Hermanus,ZA,2021-06-01 06:51:17,-34.4187,19.2345,55.9,79,81,4.56
10,Simao,CN,2021-06-01 06:51:18,22.7886,100.9748,80.06,73,53,3.8
11,Bengkulu,ID,2021-06-01 06:51:18,-3.8004,102.2655,84.61,72,59,8.86
12,Sorland,NO,2021-06-01 06:51:19,67.667,12.6934,51.87,80,39,7.56
13,Abha,SA,2021-06-01 06:51:19,18.2164,42.5053,80.85,8,0,26.6
14,Tabas,IR,2021-06-01 06:51:20,33.5959,56.9244,102.42,8,0,2.3
15,Gossau,CH,2021-06-01 06:51:20,47.4169,9.2513,63.54,73,0,3.11
16,Cayenne,GF,2021-06-01 06:51:20,4.9333,-52.3333,75.24,90,75,1.01
17,Luwuk,ID,2021-06-01 06:51:21,-0.9516,122.7875,83.91,77,68,5.97
18,Airai,TL,2021-06-01 06:51:21,-8.9266,125.4092,67.1,79,96,1.28
19,Bredasdorp,ZA,2021-06-01 06:51:22,-34.5322,20.0403,52.92,87,75,5.08
20,Westport,US,2021-06-01 06:51:22,41.1415,-73.3579,57.97,92,1,1.99
21,Mar Del Plata,AR,2021-06-01 06:50:46,-38.0023,-57.5575,55.99,45,90,11.01
22,Mataura,NZ,2021-06-01 06:51:23,-46.1927,168.8643,49.48,95,30,2.71
23,Portland,US,2021-06-01 06:47:08,45.5234,-122.6762,73.38,55,1,9.22
24,Kahului,US,2021-06-01 06:51:23,20.8947,-156.47,78.82,84,20,3.44
25,Nome,US,2021-06-01 06:51:24,64.5011,-165.4064,60.87,34,1,17.27
26,Hofn,IS,2021-06-01 06:51:24,64.2539,-15.2082,44.4,80,100,7.27
27,Paamiut,GL,2021-06-01 06:51:25,61.994,-49.6678,37.63,82,12,7.45
28,Jamestown,US,2021-06-01 06:51:25,42.097,-79.2353,55.33,82,1,1.99
29,Invermere,CA,2021-06-01 06:51:26,50.5167,-116.0354,61.56,54,100,1.86
30,Geraldton,AU,2021-06-01 06:51:26,-28.7667,114.6,68.41,60,0,11.27
31,Bambanglipuro,ID,2021-06-01 06:51:26,-7.95,110.2833,68.61,71,53,11.79
32,Iqaluit,CA,2021-06-01 06:51:27,63.7506,-68.5145,31.73,93,90,15.99
33,North Vanlaiphai,IN,2021-06-01 06:51:27,23.1333,93.0667,79.0,56,85,6.02
34,Villamontes,BO,2021-06-01 06:51:28,-21.25,-63.5,55.44,78,85,4.81
35,Port Elizabeth,ZA,2021-06-01 06:51:28,-33.918,25.5701,57.49,72,0,12.66
36,Tuktoyaktuk,CA,2021-06-01 06:51:29,69.4541,-133.0374,30.72,77,98,8.1
37,Norman Wells,CA,2021-06-01 06:51:29,65.282,-126.8329,60.84,55,75,5.75
38,Eyl,SO,2021-06-01 06:51:29,7.9803,49.8164,86.86,53,99,20.42
39,Ancud,CL,2021-06-01 06:51:30,-41.8697,-73.8203,54.43,93,100,7.56
40,Williams Lake,CA,2021-06-01 06:51:30,52.1415,-122.1445,62.17,77,75,1.01
41,Kapaa,US,2021-06-01 06:51:31,22.0752,-159.319,79.12,75,40,3.15
42,Makurdi,NG,2021-06-01 06:51:31,7.7411,8.5121,75.56,79,100,3.27
43,Hilo,US,2021-06-01 06:47:27,19.7297,-155.09,77.79,88,75,0.0
44,Yellowknife,CA,2021-06-01 06:51:32,62.456,-114.3525,54.12,62,40,11.5
45,Tiksi,RU,2021-06-01 06:51:32,71.6872,128.8694,52.52,62,82,6.58
46,Saint George,US,2021-06-01 06:51:33,37.1041,-113.5841,84.79,13,1,1.01
47,Kamenka,RU,2021-06-01 06:51:33,51.3223,42.7678,58.28,75,100,9.86
48,Ushuaia,AR,2021-06-01 06:51:33,-54.8,-68.3,29.86,93,75,2.3
49,Ichhawar,IN,2021-06-01 06:51:34,23.0167,77.0167,95.09,20,5,8.01
50,Torbay,CA,2021-06-01 06:51:34,47.6666,-52.7314,49.28,94,90,6.91
51,Erenhot,CN,2021-06-01 06:51:35,43.6475,111.9767,61.52,26,96,5.64
52,Astoria,US,2021-06-01 06:51:35,46.1879,-123.8313,62.47,84,98,2.86
53,Cuiluan,CN,2021-06-01 06:51:35,47.72,128.648,56.82,96,100,4.05
54,Haines Junction,CA,2021-06-01 06:51:36,60.7522,-137.5108,49.95,71,100,5.75
55,Palmer,US,2021-06-01 06:51:36,42.1584,-72.3287,53.85,94,1,2.66
56,Danane,CI,2021-06-01 06:51:37,7.2596,-8.155,69.94,99,57,1.12
57,Rikitea,PF,2021-06-01 06:51:37,-23.1203,-134.9692,72.39,70,5,22.26
58,Garowe,SO,2021-06-01 06:51:38,8.4054,48.4845,83.08,50,97,22.37
59,Husavik,IS,2021-06-01 06:51:38,66.0449,-17.3389,40.91,62,100,3.94
60,Khatanga,RU,2021-06-01 06:51:39,71.9667,102.5,37.62,91,26,5.64
61,Salalah,OM,2021-06-01 06:51:39,17.0151,54.0924,86.85,63,99,12.26
62,Butaritari,KI,2021-06-01 06:51:39,3.0707,172.7902,83.35,79,96,16.04
63,Cockburn Town,TC,2021-06-01 06:51:40,21.4612,-71.1419,79.57,79,100,19.77
64,Asau,RO,2021-06-01 06:51:40,46.4333,26.4,50.4,95,100,9.95
65,Cidreira,BR,2021-06-01 06:51:40,-30.1811,-50.2056,51.84,71,100,8.68
66,Rio Gallegos,AR,2021-06-01 06:51:27,-51.6226,-69.2181,33.85,93,90,11.5
67,Tocopilla,CL,2021-06-01 06:51:41,-22.092,-70.1979,63.52,70,37,3.36
68,Alekseyevsk,RU,2021-06-01 06:51:41,57.8406,108.3492,75.43,26,46,9.89
69,Atuona,PF,2021-06-01 06:51:42,-9.8,-139.0333,79.32,75,15,13.73
70,Nador,MA,2021-06-01 06:51:42,35.174,-2.9287,66.45,82,75,8.7
71,Bradford,GB,2021-06-01 06:48:15,53.7939,-1.7521,62.89,65,0,4.23
72,La Ligua,CL,2021-06-01 06:51:43,-32.4524,-71.2311,59.25,52,19,1.03
73,Parakou,BJ,2021-06-01 06:51:43,9.3372,2.6303,77.76,76,31,9.98
74,Alugan,PH,2021-06-01 06:51:44,12.2188,125.4808,83.95,87,100,20.51
75,Taoudenni,ML,2021-06-01 06:51:44,22.6783,-3.9836,95.79,15,81,13.4
76,Coihaique,CL,2021-06-01 06:51:44,-45.5752,-72.0662,48.15,57,0,5.75
77,Wote,KE,2021-06-01 06:51:45,-1.7808,37.6288,69.75,66,98,5.64
78,Bokoro,TD,2021-06-01 06:51:45,12.3807,17.0568,91.71,36,100,19.62
79,Saint-Philippe,RE,2021-06-01 06:51:46,-21.3585,55.7679,82.22,63,0,8.93
80,Esperance,AU,2021-06-01 06:51:46,-33.8667,121.9,58.84,73,100,15.64
81,Saskylakh,RU,2021-06-01 06:51:46,71.9167,114.0833,40.5,72,81,12.62
82,Port Hedland,AU,2021-06-01 06:51:47,-20.3167,118.5667,80.65,32,100,13.8
83,Barrow,US,2021-06-01 06:51:47,71.2906,-156.7887,30.22,80,75,12.66
84,Qaanaaq,GL,2021-06-01 06:51:48,77.484,-69.3632,31.46,94,100,5.26
85,Bikin,RU,2021-06-01 06:48:11,46.8161,134.26,66.38,60,100,9.93
86,Chuy,UY,2021-06-01 06:51:48,-33.6971,-53.4616,49.82,90,98,6.93
87,Barcelos,PT,2021-06-01 06:50:58,41.5388,-8.6151,61.84,86,100,4.68
88,San Patricio,US,2021-06-01 06:51:49,28.017,-97.5169,80.83,91,3,9.71
89,Namatanai,PG,2021-06-01 06:51:49,-3.6667,152.4333,77.43,91,100,2.19
90,Marienburg,PL,2021-06-01 06:51:50,54.0359,19.0266,61.88,73,100,6.08
91,Aykhal,RU,2021-06-01 06:51:51,66.0,111.5,65.39,50,100,14.76
92,Muros,ES,2021-06-01 06:51:51,42.7762,-9.0603,62.24,81,100,13.31
93,Codrington,AU,2021-06-01 06:51:51,-38.2667,141.9667,56.34,51,100,11.99
94,Vagay,RU,2021-06-01 06:51:52,57.9375,69.0217,60.37,31,0,6.53
95,Manaure,CO,2021-06-01 06:51:52,11.7751,-72.4445,80.78,76,100,17.18
96,Linxia,CN,2021-06-01 06:51:53,35.6003,103.2064,73.92,32,100,5.55
97,Necochea,AR,2021-06-01 06:51:53,-38.5473,-58.7368,54.03,68,100,16.08
98,Desbiens,CA,2021-06-01 06:51:53,48.4178,-71.9495,54.25,93,93,7.38
99,Pucallpa,PE,2021-06-01 06:51:54,-8.3791,-74.5539,71.29,99,100,0.4
100,Hambantota,LK,2021-06-01 06:51:54,6.1241,81.1185,91.74,62,20,19.64
101,Sept-Iles,CA,2021-06-01 06:48:22,50.2001,-66.3821,43.32,98,90,1.01
102,Bluff,NZ,2021-06-01 06:50:04,-46.6,168.3333,49.8,77,61,22.68
103,Verkhovazhye,RU,2021-06-01 06:51:55,60.7472,42.0465,60.89,37,14,5.14
104,Naze,JP,2021-06-01 06:51:56,28.3667,129.4833,79.72,73,97,19.17
105,Saint-Augustin,CA,2021-06-01 06:51:56,51.226,-58.6502,43.02,98,100,3.58
106,Sobolevo,RU,2021-06-01 06:51:56,54.4299,31.8996,55.47,58,5,6.51
107,Yulara,AU,2021-06-01 06:51:57,-25.2406,130.9889,80.44,17,40,14.97
108,Svetlogorsk,BY,2021-06-01 06:51:57,52.6333,29.7333,56.52,56,15,7.49
109,Port Alfred,ZA,2021-06-01 06:47:18,-33.5906,26.891,59.61,73,83,18.81
110,Yatou,CN,2021-06-01 06:51:58,37.15,122.3833,68.27,77,100,11.97
111,Simplicio Mendes,BR,2021-06-01 06:51:58,-7.8539,-41.9103,69.44,85,0,5.57
112,Port Lincoln,AU,2021-06-01 06:51:58,-34.7333,135.8667,61.45,65,100,3.89
113,Richards Bay,ZA,2021-06-01 06:51:59,-28.783,32.0377,66.67,64,38,2.84
114,Upernavik,GL,2021-06-01 06:51:59,72.7868,-56.1549,31.1,83,100,2.28
115,Karatuzskoye,RU,2021-06-01 06:52:00,53.6072,92.8667,67.89,34,0,10.18
116,New Norfolk,AU,2021-06-01 06:52:00,-42.7826,147.0587,56.71,67,90,3.0
117,Wanaka,NZ,2021-06-01 06:52:01,-44.7,169.15,44.02,78,18,2.26
118,Pochutla,MX,2021-06-01 06:52:02,15.7432,-96.4661,79.83,81,87,3.27
119,Ardakan,IR,2021-06-01 06:52:02,32.31,54.0175,97.18,7,0,5.28
120,Ust-Nera,RU,2021-06-01 06:52:02,64.5667,143.2,54.64,68,100,2.42
121,Kalmunai,LK,2021-06-01 06:52:03,7.4167,81.8167,88.72,63,100,9.1
122,Busselton,AU,2021-06-01 06:52:03,-33.65,115.3333,64.09,70,95,4.59
123,Bambous Virieux,MU,2021-06-01 06:52:04,-20.3428,57.7575,80.22,73,40,11.34
124,Hithadhoo,MV,2021-06-01 06:52:04,-0.6,73.0833,84.43,66,89,16.75
125,Tumut,AU,2021-06-01 06:52:04,-35.3,148.2167,54.59,61,100,1.28
126,Constitucion,CL,2021-06-01 06:48:07,-35.3333,-72.4167,57.87,86,100,2.68
127,Kadubivtsi,UA,2021-06-01 06:52:05,48.5834,25.7687,54.36,87,99,4.07
128,Puerto Ayora,EC,2021-06-01 06:52:06,-0.7393,-90.3518,73.54,92,42,5.99
129,Mahebourg,MU,2021-06-01 06:52:06,-20.4081,57.7,80.26,73,40,9.22
130,Srednekolymsk,RU,2021-06-01 06:52:06,67.45,153.6833,66.42,25,9,14.45
131,Usinsk,RU,2021-06-01 06:52:07,65.9939,57.5281,40.41,49,100,24.85
132,Sao Filipe,CV,2021-06-01 06:52:07,14.8961,-24.4956,71.96,77,100,8.08
133,Tilichiki,RU,2021-06-01 06:52:08,60.4667,166.1,44.35,70,35,5.28
134,Cape Town,ZA,2021-06-01 06:52:08,-33.9258,18.4232,56.12,91,75,1.77
135,East London,ZA,2021-06-01 06:52:09,-33.0153,27.9116,56.34,76,20,11.5
136,Provideniya,RU,2021-06-01 06:52:09,64.3833,-173.3,39.31,70,0,8.95
137,Elliot Lake,CA,2021-06-01 06:52:09,46.3834,-82.6331,50.09,96,91,3.6
138,Victoria,HK,2021-06-01 06:51:05,22.2855,114.1577,89.96,88,100,3.0
139,Sovetskiy,RU,2021-06-01 06:52:10,61.3614,63.5842,56.44,32,7,9.08
140,Wabag,PG,2021-06-01 06:52:11,-5.4781,143.7021,59.13,99,100,2.64
141,Grindavik,IS,2021-06-01 06:52:11,63.8424,-22.4338,45.07,87,75,23.09
142,Pelym,RU,2021-06-01 06:52:11,61.0108,61.9978,57.85,30,6,7.65
143,Vila Velha,BR,2021-06-01 06:52:12,-20.3297,-40.2925,68.95,92,40,5.75
144,Mahuva,IN,2021-06-01 06:52:12,21.0914,71.7622,90.79,57,10,15.84
145,Souillac,MU,2021-06-01 06:52:13,-20.5167,57.5167,80.37,73,40,11.65
146,Bowen,AU,2021-06-01 06:52:13,-20.0167,148.2333,73.62,65,19,14.41
147,Sisimiut,GL,2021-06-01 06:52:13,66.9395,-53.6735,35.02,86,94,3.11
148,Pisco,PE,2021-06-01 06:52:14,-13.7,-76.2167,64.45,77,90,3.44
149,Lorengau,PG,2021-06-01 06:52:14,-2.0226,147.2712,81.46,82,100,9.57
150,Clyde River,CA,2021-06-01 06:52:15,70.4692,-68.5914,25.03,100,90,2.3
151,Hobart,AU,2021-06-01 06:48:02,-42.8794,147.3294,57.06,68,75,4.0
152,Castro,BR,2021-06-01 06:52:15,-24.7911,-50.0119,50.58,97,20,1.48
153,Aklavik,CA,2021-06-01 06:52:16,68.2191,-135.0107,34.52,72,100,11.97
154,Chokurdakh,RU,2021-06-01 06:52:16,70.6333,147.9167,71.15,22,91,13.44
155,Kruisfontein,ZA,2021-06-01 06:52:17,-34.0033,24.7314,54.88,70,54,12.66
156,Meulaboh,ID,2021-06-01 06:52:17,4.1363,96.1285,84.07,74,93,9.46
157,Fort Nelson,CA,2021-06-01 06:52:18,58.8053,-122.7002,63.99,48,90,5.75
158,Aksarka,RU,2021-06-01 06:52:18,66.5606,67.7975,51.58,51,100,20.65
159,Primorsk,UA,2021-06-01 06:52:18,46.7348,36.3443,68.2,82,13,18.59
160,Bandarbeyla,SO,2021-06-01 06:52:19,9.4942,50.8122,87.6,54,12,25.88
161,Fortuna,US,2021-06-01 06:52:19,40.5982,-124.1573,62.42,54,100,0.45
162,Arraias,BR,2021-06-01 06:52:19,-12.9288,-46.9437,65.5,48,100,4.27
163,Nikolskoye,RU,2021-06-01 06:52:20,59.7035,30.7861,61.81,42,15,6.91
164,Kirillov,RU,2021-06-01 06:52:20,59.863,38.3813,57.13,38,11,5.01
165,Bontang,ID,2021-06-01 06:52:21,0.1333,117.5,84.9,75,100,4.41
166,Grand Island,US,2021-06-01 06:52:21,40.925,-98.342,59.95,74,1,3.44
167,Guerrero Negro,MX,2021-06-01 06:52:21,27.9769,-114.0611,59.94,85,0,9.26
168,Carballo,ES,2021-06-01 06:52:22,43.213,-8.691,60.58,90,49,5.21
169,Saint-Joseph,RE,2021-06-01 06:52:22,-21.3667,55.6167,81.21,63,0,8.12
170,Ribeira Grande,PT,2021-06-01 06:52:23,38.5167,-28.7,59.4,67,40,6.91
171,Santa Ana,US,2021-06-01 06:48:15,33.7456,-117.8678,68.14,84,75,5.75
172,Lagoa,PT,2021-06-01 06:52:23,39.05,-27.9833,59.36,63,1,20.09
173,Ponta Do Sol,PT,2021-06-01 06:52:24,32.6667,-17.1,65.71,77,30,3.06
174,Pryazha,RU,2021-06-01 06:52:24,61.6926,33.6216,58.23,47,96,3.53
175,Rio Grande,BR,2021-06-01 06:52:25,-32.035,-52.0986,46.94,78,100,10.2
176,Lebu,CL,2021-06-01 06:52:25,-37.6167,-73.65,57.47,99,100,14.25
177,Ahipara,NZ,2021-06-01 06:52:26,-35.1667,173.1667,55.63,77,0,7.4
178,Tigzirt,DZ,2021-06-01 06:52:26,36.8886,4.1198,74.77,70,100,6.13
179,Maracas,BR,2021-06-01 06:52:26,-13.4411,-40.4308,56.98,96,9,2.33
180,Uray,RU,2021-06-01 06:52:27,60.1247,64.7758,56.08,38,5,8.7
181,Christchurch,NZ,2021-06-01 06:52:27,-43.5333,172.6333,47.32,93,90,2.3
182,Khirkiya,IN,2021-06-01 06:52:28,22.1674,76.8605,100.38,27,71,7.29
183,Mount Gambier,AU,2021-06-01 06:52:28,-37.8333,140.7667,55.31,58,100,9.22
184,Aleksandrov Gay,RU,2021-06-01 06:52:29,50.147,48.5704,75.43,62,6,12.03
185,Kuytun,RU,2021-06-01 06:52:29,54.3419,101.5036,59.07,57,98,8.63
186,Puerto Colombia,CO,2021-06-01 06:52:29,10.9878,-74.9547,80.69,82,100,19.98
187,Dikson,RU,2021-06-01 06:52:30,73.5069,80.5464,31.77,98,100,17.16
188,Pocone,BR,2021-06-01 06:52:30,-16.2567,-56.6228,66.9,87,100,2.15
189,Arraial Do Cabo,BR,2021-06-01 06:51:13,-22.9661,-42.0278,72.03,86,99,16.58
190,Gat,IL,2021-06-01 06:50:02,31.61,34.7642,85.41,37,0,3.53
191,Kununurra,AU,2021-06-01 06:52:31,-15.7667,128.7333,89.58,33,50,4.61
192,Yeppoon,AU,2021-06-01 06:52:31,-23.1333,150.7333,73.18,73,7,12.1
193,Perry,US,2021-06-01 06:52:32,37.2506,-83.1999,61.52,75,100,3.18
194,Shaki,AZ,2021-06-01 06:52:32,41.0833,47.1667,77.31,41,0,7.05
195,Thompson,CA,2021-06-01 06:52:32,55.7435,-97.8558,42.96,93,40,0.0
196,Faanui,PF,2021-06-01 06:52:33,-16.4833,-151.75,79.59,69,88,15.84
197,Sitka,US,2021-06-01 06:52:33,57.0531,-135.33,53.49,82,90,16.11
198,Narsaq,GL,2021-06-01 06:52:34,60.9167,-46.05,38.07,66,3,6.85
199,Teguldet,RU,2021-06-01 06:52:34,57.3064,88.1667,76.39,24,46,11.79
200,Arecibo,PR,2021-06-01 06:52:34,18.4724,-66.7157,78.01,93,23,9.42
201,Guasdualito,VE,2021-06-01 06:52:35,7.2424,-70.7324,72.19,99,100,2.53
202,Henties Bay,NA,2021-06-01 06:52:35,-22.116,14.2845,51.85,83,0,5.75
203,Mounana,GA,2021-06-01 06:52:36,-1.4085,13.1586,71.51,83,100,2.24
204,Dergachi,RU,2021-06-01 06:52:36,51.2328,48.7659,72.16,65,39,11.86
205,Joao Camara,BR,2021-06-01 06:52:36,-5.5375,-35.8197,70.84,97,16,6.44
206,Talnakh,RU,2021-06-01 06:52:37,69.4865,88.3972,34.66,90,100,1.34
207,Suna,RU,2021-06-01 06:52:37,57.8338,50.0588,57.27,49,68,5.68
208,Mount Pleasant,US,2021-06-01 06:48:38,32.7941,-79.8626,68.0,88,90,1.01
209,Bazarnyye Mataki,RU,2021-06-01 06:52:38,54.8833,49.9333,55.56,75,100,7.87
210,Humaita,BR,2021-06-01 06:51:13,-7.5061,-63.0208,77.85,67,90,2.24
211,Korla,CN,2021-06-01 06:50:15,41.7597,86.1469,91.42,13,100,11.74
212,Luanda,AO,2021-06-01 06:48:49,-8.8368,13.2343,77.0,88,75,1.14
213,Alofi,NU,2021-06-01 06:52:39,-19.0595,-169.9187,75.09,94,75,4.61
214,Pangnirtung,CA,2021-06-01 06:52:40,66.1451,-65.7125,28.2,87,100,7.27
215,Avarua,CK,2021-06-01 06:52:40,-21.2078,-159.775,66.25,88,37,1.14
216,Araouane,ML,2021-06-01 06:52:40,18.9048,-3.5265,92.71,9,100,4.5
217,Flinders,AU,2021-06-01 06:52:41,-34.5833,150.8552,63.18,71,100,1.99
218,Pevek,RU,2021-06-01 06:52:41,69.7008,170.3133,40.78,68,60,6.55
219,Sainte-Claire,CA,2021-06-01 06:52:42,46.6006,-70.8649,49.66,98,20,3.65
220,Falam,MM,2021-06-01 06:52:42,22.9167,93.6833,83.44,40,95,4.25
221,Vila Franca Do Campo,PT,2021-06-01 06:52:43,37.7167,-25.4333,59.41,70,34,16.08
222,Bam,IR,2021-06-01 06:52:18,29.106,58.357,99.09,6,0,7.54
223,Lavrentiya,RU,2021-06-01 06:52:43,65.5833,-171.0,31.66,77,19,11.83
224,Pringsewu,ID,2021-06-01 06:52:44,-5.3582,104.9744,83.28,80,97,4.0
225,Kodiak,US,2021-06-01 06:52:44,57.79,-152.4072,45.91,93,90,4.61
226,Dingle,PH,2021-06-01 06:52:45,10.9995,122.6711,79.48,89,100,7.74
227,Kavaratti,IN,2021-06-01 06:52:45,10.5669,72.642,83.03,78,100,20.38
228,Lesnoye,RU,2021-06-01 06:52:45,58.2841,35.5158,56.37,38,8,5.55
229,Worthington,US,2021-06-01 06:52:46,40.0931,-83.018,57.34,83,1,0.0
230,Laguna,US,2021-06-01 06:52:46,38.421,-121.4238,85.82,48,1,1.99
231,Santiago De Cao,PE,2021-06-01 06:52:46,-7.9589,-79.2392,64.4,93,84,9.51
232,Mandalgovi,MN,2021-06-01 06:51:20,45.7625,106.2708,39.54,78,100,9.95
233,Bethel,US,2021-06-01 06:52:47,41.3712,-73.414,53.92,90,1,3.44
234,Severo-Kurilsk,RU,2021-06-01 06:52:48,50.6789,156.125,37.74,97,100,9.28
235,Kavieng,PG,2021-06-01 06:52:48,-2.5744,150.7967,81.34,78,100,8.43
236,Shakawe,BW,2021-06-01 06:52:48,-18.3667,21.85,65.88,26,0,2.39
237,Maceio,BR,2021-06-01 06:52:49,-9.6658,-35.7353,72.84,100,75,3.83
238,Avera,US,2021-06-01 06:52:49,33.194,-82.5271,64.06,88,76,4.85
239,Tuatapere,NZ,2021-06-01 06:52:49,-46.1333,167.6833,49.82,89,92,4.05
240,Kingaroy,AU,2021-06-01 06:52:50,-26.5333,151.8333,68.04,49,87,5.75
241,Mount Isa,AU,2021-06-01 06:52:50,-20.7333,139.5,82.17,32,75,6.91
242,Damaturu,NG,2021-06-01 06:52:51,11.747,11.9608,83.12,52,5,17.94
243,Carutapera,BR,2021-06-01 06:52:51,-1.195,-46.02,74.5,94,15,4.56
244,Safaga,EG,2021-06-01 06:52:52,26.7292,33.9365,89.55,43,0,16.55
245,Dolores,AR,2021-06-01 06:52:52,-36.3132,-57.6792,55.45,72,100,8.93
246,Ayan,RU,2021-06-01 06:52:53,56.45,138.1667,41.14,88,62,1.79
247,Buraydah,SA,2021-06-01 06:52:24,26.326,43.975,97.25,9,0,10.94
248,Kuala Terengganu,MY,2021-06-01 06:52:53,5.3302,103.1408,89.55,74,40,8.05
249,Nanortalik,GL,2021-06-01 06:52:53,60.1432,-45.2371,38.25,90,17,10.74
250,Krasnyy Chikoy,RU,2021-06-01 06:52:54,50.3643,108.7512,45.23,77,100,15.7
251,Coquimbo,CL,2021-06-01 06:49:49,-29.9533,-71.3436,53.33,87,0,4.92
252,Acarau,BR,2021-06-01 06:52:54,-2.8856,-40.12,75.61,89,5,9.51
253,Saint Anthony,US,2021-06-01 06:52:55,45.0205,-93.218,59.14,75,1,1.9
254,Lasa,IT,2021-06-01 06:52:55,46.6166,10.7002,55.36,63,0,1.63
255,Kapoeta,SS,2021-06-01 06:52:56,4.7717,33.5903,87.03,37,10,23.69
256,Boyolangu,ID,2021-06-01 06:52:56,-8.1181,111.8935,84.06,66,35,7.81
257,Cabo San Lucas,MX,2021-06-01 06:48:45,22.8909,-109.9124,78.4,61,4,10.58
258,Vardo,NO,2021-06-01 06:52:57,70.3705,31.1107,44.8,93,75,2.3
259,Yevsino,RU,2021-06-01 06:52:57,54.4172,83.3222,79.16,38,67,6.53
260,Pakokku,MM,2021-06-01 06:52:58,21.3333,95.1,103.17,29,12,11.72
261,Nichinan,JP,2021-06-01 06:52:58,31.6,131.3667,86.95,61,0,8.61
262,Cicciano,IT,2021-06-01 06:52:58,40.9647,14.5389,69.71,47,4,1.01
263,La Ronge,CA,2021-06-01 06:52:59,55.1001,-105.2842,55.65,71,75,1.14
264,Georgetown,MY,2021-06-01 06:52:59,5.4112,100.3354,91.35,66,40,10.0
265,Dracena,BR,2021-06-01 06:52:59,-21.4843,-51.535,61.52,93,100,4.12
266,Jaque,PA,2021-06-01 06:53:00,7.5175,-78.1703,77.97,89,100,4.36
267,Oistins,BB,2021-06-01 06:53:00,13.0667,-59.5333,78.89,65,40,16.11
268,Praia,CV,2021-06-01 06:53:01,14.9215,-23.5087,70.34,83,20,9.22
269,Abu Samrah,SY,2021-06-01 06:53:01,35.3029,37.1841,80.33,28,0,22.32
270,Poronaysk,RU,2021-06-01 06:53:02,49.2167,143.1167,47.28,73,13,12.06
271,Mehran,IR,2021-06-01 06:53:02,33.1222,46.1646,101.68,6,0,22.91
272,Slave Lake,CA,2021-06-01 06:53:02,55.2834,-114.769,66.18,52,40,3.44
273,Kiruna,SE,2021-06-01 06:53:03,67.8557,20.2251,50.92,62,99,3.44
274,Tual,ID,2021-06-01 06:53:04,-5.6667,132.75,81.97,78,78,15.26
275,Oyama,JP,2021-06-01 06:53:04,36.3,139.8,79.59,34,100,7.43
276,Oksfjord,NO,2021-06-01 06:53:05,70.2396,22.3479,50.07,89,100,4.43
277,Ambon,ID,2021-06-01 06:53:05,-3.6954,128.1814,86.14,70,40,14.27
278,Luderitz,NA,2021-06-01 06:53:05,-26.6481,15.1594,57.94,54,0,13.09
279,Labuan,MY,2021-06-01 06:53:06,5.2767,115.2417,88.16,74,20,2.3
280,Sembakung,ID,2021-06-01 06:53:06,3.8167,117.25,89.53,69,82,1.95
281,Hasaki,JP,2021-06-01 06:53:07,35.7333,140.8333,77.29,65,4,8.93
282,Tasiilaq,GL,2021-06-01 06:53:07,65.6145,-37.6368,27.23,78,8,5.1
283,Benton Harbor,US,2021-06-01 06:53:08,42.1167,-86.4542,58.01,69,45,6.82
284,Qasigiannguit,GL,2021-06-01 06:53:08,68.8193,-51.1922,30.38,88,25,0.43
285,Zhangjiakou,CN,2021-06-01 06:53:09,40.81,114.8794,79.9,19,40,11.9
286,Cherskiy,RU,2021-06-01 06:53:09,68.75,161.3,67.24,21,94,6.51
287,Timmins,CA,2021-06-01 06:49:53,48.4669,-81.3331,51.62,93,90,4.85
288,Gizel,RU,2021-06-01 06:53:10,43.04,44.5708,73.62,60,75,5.23
289,Campo Verde,BR,2021-06-01 06:53:10,-20.4167,-54.0667,67.21,97,100,2.95
290,Capoterra,IT,2021-06-01 06:53:11,39.1763,8.9718,69.58,74,0,6.33
291,Bosorod,RO,2021-06-01 06:53:11,45.6833,23.0833,49.96,95,100,5.79
292,Margate,GB,2021-06-01 06:53:11,51.3813,1.3862,63.3,85,0,9.08
293,Klaksvik,FO,2021-06-01 06:53:12,62.2266,-6.589,50.92,97,100,16.06
294,Roald,NO,2021-06-01 06:53:12,62.5833,6.1333,71.17,93,90,5.75
295,Leningradskiy,RU,2021-06-01 06:53:13,69.3833,178.4167,31.05,91,78,12.21
296,Newport,GB,2021-06-01 06:53:13,51.5877,-2.9984,62.29,79,69,8.99
297,Tiarei,PF,2021-06-01 06:53:14,-17.5333,-149.3333,77.02,68,19,16.69
298,Hammerfest,NO,2021-06-01 06:53:14,70.6634,23.6821,48.65,81,40,12.66
299,Harper,LR,2021-06-01 06:53:14,4.375,-7.7169,75.97,91,100,5.08
300,Lapua,FI,2021-06-01 06:53:15,62.9693,23.0088,61.47,53,23,4.32
301,Tessalit,ML,2021-06-01 06:53:15,20.1986,1.0114,93.51,7,0,7.25
302,Consett,GB,2021-06-01 06:53:16,54.854,-1.8316,59.25,73,16,5.73
303,Raga,SS,2021-06-01 06:53:16,8.4596,25.678,89.74,38,86,7.07
304,San Policarpo,PH,2021-06-01 06:53:17,12.1791,125.5072,84.31,86,100,21.79
305,Astana,KZ,2021-06-01 06:53:17,51.1801,71.446,78.75,47,20,10.89
306,Comodoro Rivadavia,AR,2021-06-01 06:53:17,-45.8667,-67.5,51.66,62,0,9.22
307,Lucapa,AO,2021-06-01 06:53:18,-8.4192,20.7447,69.21,33,82,6.22
308,Shangzhi,CN,2021-06-01 06:53:18,45.2167,127.9667,61.14,85,100,10.92
309,Mareeba,AU,2021-06-01 06:53:18,-17.0,145.4333,68.49,89,89,5.97
310,Temir,KZ,2021-06-01 06:53:19,49.1414,57.13,77.43,50,81,8.3
311,Cavalcante,BR,2021-06-01 06:53:19,-13.7975,-47.4583,66.07,50,78,3.36
312,Qaqortoq,GL,2021-06-01 06:53:20,60.7167,-46.0333,39.99,77,8,6.76
313,Shiyan,CN,2021-06-01 06:53:20,32.6475,110.7781,83.84,54,100,4.25
314,Ngunguru,NZ,2021-06-01 06:53:21,-35.6167,174.5,56.16,76,0,11.99
315,Nuuk,GL,2021-06-01 06:53:21,64.1835,-51.7216,32.88,100,66,5.99
316,Beaumont,US,2021-06-01 06:50:39,30.0861,-94.1019,78.78,87,40,6.33
317,Labuhan,ID,2021-06-01 06:53:22,-6.8844,112.2051,83.77,75,73,6.35
318,Waitati,NZ,2021-06-01 06:53:22,-45.75,170.5667,46.8,73,76,3.83
319,Choix,MX,2021-06-01 06:53:23,26.7092,-108.3219,76.19,56,0,2.13
320,Koszalin,PL,2021-06-01 06:53:23,54.1944,16.1722,57.67,88,100,7.47
321,Kirzhach,RU,2021-06-01 06:53:23,56.15,38.8667,55.94,47,10,7.07
322,Ulaanbaatar,MN,2021-06-01 06:52:41,47.9077,106.8832,48.33,31,40,17.96
323,Mansfield,GB,2021-06-01 06:52:06,53.1333,-1.2,58.39,83,10,4.88
324,Egvekinot,RU,2021-06-01 06:53:24,66.3167,-179.1667,33.78,70,33,7.78
325,Mende,FR,2021-06-01 06:53:25,44.6667,3.5,52.92,72,86,6.64
326,Skibbereen,IE,2021-06-01 06:53:25,51.55,-9.2667,55.2,89,100,4.23
327,Athabasca,CA,2021-06-01 06:53:25,54.7169,-113.2854,58.82,71,100,6.8
328,Bay Roberts,CA,2021-06-01 06:53:26,47.5999,-53.2648,50.05,93,100,4.0
329,Sinnamary,GF,2021-06-01 06:53:26,5.3833,-52.95,77.36,90,100,10.42
330,Arrecife,ES,2021-06-01 06:53:27,28.963,-13.5477,66.27,68,40,9.22
331,Nantucket,US,2021-06-01 06:53:27,41.2835,-70.0995,56.08,94,94,16.6
332,Buin,CL,2021-06-01 06:53:27,-33.7333,-70.75,62.74,41,99,1.25
333,Raudeberg,NO,2021-06-01 06:53:28,61.9875,5.1352,58.78,96,8,6.42
334,Khandyga,RU,2021-06-01 06:53:28,62.6667,135.6,64.13,36,82,5.66
335,Igarka,RU,2021-06-01 06:53:29,67.4667,86.5833,36.99,88,99,10.36
336,Hobyo,SO,2021-06-01 06:53:29,5.3505,48.5268,83.8,65,95,20.38
337,Diu,IN,2021-06-01 06:53:29,20.7141,70.9822,88.97,62,6,13.87
338,San Cristobal,VE,2021-06-01 06:53:30,7.7669,-72.225,64.81,94,100,2.84
339,Ammon,US,2021-06-01 06:53:30,43.4696,-111.9666,52.95,54,100,6.69
340,Gornopravdinsk,RU,2021-06-01 06:53:31,60.05,69.9,56.73,38,6,5.75
341,Ankazoabo,MG,2021-06-01 06:53:31,-22.2833,44.5167,78.15,39,83,4.18
342,Katol,IN,2021-06-01 06:53:31,21.2667,78.5833,91.96,24,9,2.01
343,Moletai,LT,2021-06-01 06:53:32,55.2333,25.4167,54.18,70,99,3.04
344,Dakar,SN,2021-06-01 06:53:32,14.6937,-17.4441,72.48,88,75,4.61
345,Konosha,RU,2021-06-01 06:53:33,60.9736,40.257,58.86,38,76,5.37
346,Port-Cartier,CA,2021-06-01 06:53:33,50.0334,-66.8654,43.02,94,100,2.86
347,Chernushka,RU,2021-06-01 06:53:33,56.5072,56.0766,59.45,57,65,8.9
348,Belaya Gora,RU,2021-06-01 06:53:34,68.5333,146.4167,71.56,23,58,15.93
349,Makokou,GA,2021-06-01 06:53:34,0.5738,12.8642,73.26,95,100,3.67
350,Half Moon Bay,US,2021-06-01 06:53:10,37.4636,-122.4286,69.12,79,1,8.05
351,Lang Suan,TH,2021-06-01 06:53:35,9.9456,99.0785,89.69,62,71,1.14
352,Honningsvag,NO,2021-06-01 06:53:35,70.9821,25.9704,42.84,96,100,20.92
353,Platanos,GR,2021-06-01 06:53:36,37.6667,21.6167,68.56,51,1,10.04
354,Limbang,MY,2021-06-01 06:53:36,4.75,115.0,88.11,90,68,6.31
355,Saint-Pierre,RE,2021-06-01 06:53:36,-21.3393,55.4781,82.29,62,0,19.57
356,Kisangani,CD,2021-06-01 06:53:37,0.5167,25.2,71.96,100,90,1.1
357,Kaitangata,NZ,2021-06-01 06:53:37,-46.2817,169.8464,49.93,75,29,6.29
358,Pemangkat,ID,2021-06-01 06:53:38,1.1667,108.9667,86.16,68,6,9.37
359,Pitimbu,BR,2021-06-01 06:53:38,-7.4706,-34.8086,72.19,76,92,8.88
360,Dunedin,NZ,2021-06-01 06:53:38,-45.8742,170.5036,46.8,73,60,5.41
361,Klyuchi,RU,2021-06-01 06:53:39,52.2667,79.1667,85.53,22,66,6.87
362,Tiznit,MA,2021-06-01 06:53:39,29.5833,-9.5,63.57,65,6,1.39
363,Shingu,JP,2021-06-01 06:53:40,33.7333,135.9833,76.19,75,7,6.96
364,Almaty,KZ,2021-06-01 06:49:15,43.25,76.95,85.91,19,20,5.99
365,Bonthe,SL,2021-06-01 06:53:40,7.5264,-12.505,76.59,86,100,2.71
366,Zavetnoye,RU,2021-06-01 06:53:41,47.1194,43.8903,76.84,54,89,4.52
367,Puerto El Triunfo,SV,2021-06-01 06:53:41,13.2833,-88.55,80.38,82,83,4.0
368,Bocas Del Toro,PA,2021-06-01 06:53:41,9.3333,-82.25,78.46,80,76,5.61
369,Serenje,ZM,2021-06-01 06:53:42,-13.2325,30.2352,66.25,60,78,8.52
370,Lytkarino,RU,2021-06-01 06:53:42,55.5814,37.9058,55.78,51,0,8.1
371,Tabuk,PH,2021-06-01 06:53:43,17.4189,121.4443,98.17,33,100,4.34
372,Caraquet,CA,2021-06-01 06:53:43,47.7941,-64.9386,47.21,99,97,3.15
373,Mitsamiouli,KM,2021-06-01 06:53:43,-11.3847,43.2844,80.92,68,3,7.7
374,Adrar,MR,2021-06-01 06:53:44,20.5022,-10.0711,87.66,31,94,6.93
375,Chihuahua,MX,2021-06-01 06:53:44,28.5,-106.0,77.29,18,93,8.46
376,Samarai,PG,2021-06-01 06:53:45,-10.6167,150.6667,79.25,71,95,15.12
377,Gold Coast,AU,2021-06-01 06:51:18,-28.0,153.4333,68.07,73,11,1.01
378,Biak,ID,2021-06-01 06:53:46,-0.9131,122.8766,81.68,76,70,5.82
379,Skibotn,NO,2021-06-01 06:53:46,69.3913,20.2679,51.8,76,16,2.46
380,College,US,2021-06-01 06:53:46,64.8569,-147.8028,64.72,50,75,4.61
381,Mehamn,NO,2021-06-01 06:53:47,71.0357,27.8492,42.71,97,100,17.81
382,Ninghai,CN,2021-06-01 06:53:47,29.2892,121.4247,75.72,95,99,5.39
383,Karwar,IN,2021-06-01 06:53:47,14.8,74.1333,85.19,73,58,12.21
384,Namibe,AO,2021-06-01 06:53:48,-15.1961,12.1522,74.16,63,8,5.14
385,Bouna,CI,2021-06-01 06:53:48,9.2667,-3.0,74.08,90,99,10.78
386,Makat,KZ,2021-06-01 06:53:49,47.6469,53.3463,87.03,30,1,7.94
387,Hirado,JP,2021-06-01 06:53:49,33.3597,129.5531,83.55,73,2,4.32
388,Puerto Escondido,MX,2021-06-01 06:53:22,15.85,-97.0667,80.78,83,100,4.76
389,Pfullingen,DE,2021-06-01 06:53:50,48.4646,9.228,62.44,48,0,3.0
390,Longyearbyen,SJ,2021-06-01 06:53:50,78.2186,15.6401,33.64,93,75,4.61
391,Port Hardy,CA,2021-06-01 06:53:50,50.6996,-127.4199,57.38,94,40,3.44
392,Coahuayana,MX,2021-06-01 06:53:51,18.7333,-103.6833,79.47,88,100,2.98
393,Bakchar,RU,2021-06-01 06:53:52,57.0186,82.0711,73.58,54,100,5.93
394,Green River,US,2021-06-01 06:53:52,41.5286,-109.4662,57.6,41,52,4.54
395,Xining,CN,2021-06-01 06:53:52,36.6167,101.7667,70.93,28,100,5.82
396,Balod,IN,2021-06-01 06:53:53,20.73,81.2047,104.11,23,79,7.23
397,Fayaoue,NC,2021-06-01 06:53:53,-20.65,166.5333,73.81,58,7,14.09
398,Brae,GB,2021-06-01 06:53:54,60.3964,-1.353,49.91,77,8,16.02
399,Ino,JP,2021-06-01 06:53:54,33.55,133.4333,74.73,63,11,5.75
400,Qianguo,CN,2021-06-01 06:53:55,45.1171,124.8568,73.38,19,100,16.33
401,Watford,GB,2021-06-01 06:49:04,51.6553,-0.396,62.78,82,0,3.0
402,Kankon,IN,2021-06-01 06:53:55,15.0167,74.0167,85.8,72,47,12.91
403,Cap Malheureux,MU,2021-06-01 06:53:56,-19.9842,57.6142,80.47,65,0,10.0
404,Benjamin Constant,BR,2021-06-01 06:53:56,-4.3831,-70.0311,75.33,100,100,2.19
405,Zeya,RU,2021-06-01 06:53:57,53.75,127.2667,70.75,39,90,7.16
406,Kendari,ID,2021-06-01 06:53:57,-3.945,122.4989,85.33,66,100,5.66
407,Brainerd,US,2021-06-01 06:51:01,46.358,-94.2008,50.25,87,1,0.0
408,Nelson Bay,AU,2021-06-01 06:53:58,-32.7167,152.15,63.0,86,100,5.14
409,Poum,NC,2021-06-01 06:53:58,-20.2333,164.0167,73.13,60,51,10.76
410,Saint-Francois,FR,2021-06-01 06:53:59,46.4154,3.9054,65.17,72,0,3.44
411,Verkhoyansk,RU,2021-06-01 06:53:59,67.5447,133.385,63.81,43,64,2.98
412,Bingol,TR,2021-06-01 06:53:59,38.8847,40.4939,75.61,28,0,18.59
413,Killybegs,IE,2021-06-01 06:54:00,54.6333,-8.45,52.05,90,100,4.97
414,Tucurui,BR,2021-06-01 06:51:12,-3.7661,-49.6725,72.37,81,33,2.01
415,Amahai,ID,2021-06-01 06:54:01,-3.3333,128.9167,82.6,78,27,10.11
416,Aden,YE,2021-06-01 06:54:01,12.7794,45.0367,88.23,68,5,9.44
417,Pahrump,US,2021-06-01 06:54:02,36.2083,-115.9839,83.17,12,0,1.01
418,Havelock,US,2021-06-01 06:54:02,34.8791,-76.9013,66.15,91,62,3.58
419,Belmonte,BR,2021-06-01 06:54:03,-15.8631,-38.8828,68.5,89,16,3.0
420,Bathsheba,BB,2021-06-01 06:54:03,13.2167,-59.5167,79.41,65,40,15.93
421,Barreiras,BR,2021-06-01 06:54:03,-12.1528,-44.99,62.37,56,8,1.52
422,Masuda,JP,2021-06-01 06:54:04,34.6667,131.85,74.93,64,75,5.75
423,Atar,MR,2021-06-01 06:54:04,20.5169,-13.0499,86.7,33,68,5.1
424,San Quintin,MX,2021-06-01 06:54:05,30.4833,-115.95,59.54,86,11,4.94
425,Pontianak,ID,2021-06-01 06:54:01,-0.0333,109.3333,91.38,62,75,7.47
426,Broome,US,2021-06-01 06:54:05,42.2506,-75.833,53.01,81,100,2.55
427,Fairbanks,US,2021-06-01 06:51:58,64.8378,-147.7164,64.74,48,75,4.61
428,Tadine,NC,2021-06-01 06:54:06,-21.55,167.8833,69.98,62,4,12.21
429,Neuquen,AR,2021-06-01 06:50:31,-38.9516,-68.0591,64.29,45,75,8.05
430,Belle Fourche,US,2021-06-01 06:54:07,44.6714,-103.8522,69.31,46,100,10.11
431,Saldanha,ZA,2021-06-01 06:54:07,-33.0117,17.9442,46.45,82,6,4.34
432,Cookeville,US,2021-06-01 06:52:52,36.1628,-85.5016,61.83,96,75,4.07
433,Santa Rosalia,MX,2021-06-01 06:54:08,27.3167,-112.2833,72.91,36,0,8.19
434,Lebyazhye,RU,2021-06-01 06:54:09,55.2689,66.4947,60.04,39,16,11.12
435,Isangel,VU,2021-06-01 06:54:09,-19.55,169.2667,73.51,73,75,10.4
436,Kinsale,IE,2021-06-01 06:54:09,51.7075,-8.5306,54.77,94,75,5.59
437,Sabha,LY,2021-06-01 06:54:10,27.0377,14.4283,88.27,20,46,15.01
438,Yinchuan,CN,2021-06-01 06:54:10,38.4681,106.2731,88.56,5,0,18.84
439,Shamary,RU,2021-06-01 06:54:11,57.3434,58.2199,61.27,34,31,4.16
440,Shimoda,JP,2021-06-01 06:54:11,34.6667,138.95,71.96,75,24,10.25
441,Manzanillo,CU,2021-06-01 06:54:12,20.3433,-77.1167,73.04,92,38,9.33
442,Nacala,MZ,2021-06-01 06:54:12,-14.5428,40.6728,81.72,65,20,10.36
443,Finnsnes,NO,2021-06-01 06:51:13,69.2296,17.9811,56.01,69,13,2.77
444,Swan Hill,AU,2021-06-01 06:49:31,-35.3378,143.5544,60.35,43,98,6.76
445,Senanga,ZM,2021-06-01 06:54:13,-16.1167,23.2667,65.01,31,0,4.36
446,Zhigansk,RU,2021-06-01 06:54:13,66.7697,123.3711,64.71,33,10,6.96
447,Wladyslawowo,PL,2021-06-01 06:54:14,54.7909,18.4009,61.77,74,100,7.16
448,Atasu,KZ,2021-06-01 06:54:15,48.6814,71.6433,88.56,23,100,2.8
449,San Luis,AR,2021-06-01 06:54:15,-33.295,-66.3356,54.72,39,93,8.19
450,Severodvinsk,RU,2021-06-01 06:54:16,64.5635,39.8302,50.11,70,100,8.86
451,Camargo,MX,2021-06-01 06:54:16,27.6667,-105.1667,79.5,14,1,10.69
452,Hami,CN,2021-06-01 06:54:17,42.8,93.45,88.29,7,94,7.2
453,Boa Vista,BR,2021-06-01 06:54:17,2.8197,-60.6733,75.18,94,90,8.05
454,Pita,GN,2021-06-01 06:54:18,10.8333,-12.5833,72.27,95,86,0.13
455,Banda Aceh,ID,2021-06-01 06:50:21,5.5577,95.3222,85.75,70,100,11.1
456,Puri,IN,2021-06-01 06:54:18,19.8,85.85,97.32,77,40,14.03
457,Pacific Grove,US,2021-06-01 06:54:19,36.6177,-121.9166,63.16,90,40,1.01
458,Beringovskiy,RU,2021-06-01 06:54:19,63.05,179.3167,33.37,84,57,11.81
459,Bilibino,RU,2021-06-01 06:54:19,68.0546,166.4372,64.81,29,77,2.28
460,Kysyl-Syr,RU,2021-06-01 06:54:20,63.8986,122.7617,70.84,23,63,11.56
461,Sao Joao Da Barra,BR,2021-06-01 06:54:20,-21.6403,-41.0511,69.03,91,100,10.6
462,Ystad,SE,2021-06-01 06:54:21,55.4297,13.8204,62.98,66,100,12.95
463,Kazachinskoye,RU,2021-06-01 06:54:21,57.6953,93.2761,71.98,27,99,10.58
464,Curaca,BR,2021-06-01 06:54:21,-8.9903,-39.9094,73.2,76,100,10.63
465,Ternate,ID,2021-06-01 06:54:22,0.8,127.4,84.33,70,100,10.47
466,Benguela,AO,2021-06-01 06:54:22,-12.5763,13.4055,77.2,41,99,5.46
467,Douentza,ML,2021-06-01 06:54:23,14.9951,-2.9517,93.29,28,91,8.48
468,Mae Chan,TH,2021-06-01 06:54:23,20.1467,99.8526,94.78,46,91,2.77
469,Erice,IT,2021-06-01 06:54:24,38.037,12.5865,64.6,94,0,4.21
470,Kargopol,RU,2021-06-01 06:54:24,61.5071,38.9456,59.41,41,71,4.65
471,Ballarat,AU,2021-06-01 06:50:28,-37.5662,143.8496,50.49,64,100,7.74
472,Roma,US,2021-06-01 06:54:25,43.2128,-75.4557,54.84,89,100,1.92
473,Touros,BR,2021-06-01 06:54:25,-5.1989,-35.4608,72.5,88,9,8.81
474,Nizhniy Kuranakh,RU,2021-06-01 06:54:25,58.8353,125.4869,70.48,36,61,6.55
475,Caravelas,BR,2021-06-01 06:54:26,-17.7125,-39.2481,68.54,92,16,2.48
476,Iwanai,JP,2021-06-01 06:54:26,42.9744,140.5089,57.6,62,100,2.89
477,Orocue,CO,2021-06-01 06:54:27,4.7912,-71.3354,73.47,97,100,5.95
478,Domoni,KM,2021-06-01 06:54:27,-12.2569,44.5319,80.37,74,15,7.67
479,Juan Aldama,MX,2021-06-01 06:54:27,24.2908,-103.3944,69.91,42,44,5.41
480,Bowmore,US,2021-06-01 06:54:28,34.9421,-79.3031,60.89,88,76,4.45
481,Waipawa,NZ,2021-06-01 06:54:28,-41.4122,175.5153,48.83,80,61,8.37
482,Bubaque,GW,2021-06-01 06:54:29,11.2833,-15.8333,78.17,81,100,8.93
483,Tabou,CI,2021-06-01 06:54:29,4.423,-7.3528,75.27,93,95,5.88
484,Da Nang,VN,2021-06-01 06:54:30,16.0678,108.2208,98.65,52,20,10.36
485,Castanos,MX,2021-06-01 06:54:30,26.7833,-101.4167,79.97,68,10,5.26
486,Burnie,AU,2021-06-01 06:54:31,-41.0667,145.9167,54.91,80,100,9.55
487,Komsomolskiy,UZ,2021-06-01 06:54:31,40.4272,71.7189,92.55,23,10,4.61
488,Fare,PF,2021-06-01 06:54:31,-16.7,-151.0167,79.38,68,100,14.16
489,Camacha,PT,2021-06-01 06:54:32,33.0833,-16.3333,63.82,72,75,8.05
490,Garissa,KE,2021-06-01 06:54:32,-0.4536,39.6401,83.25,54,71,19.66
491,Sampit,ID,2021-06-01 06:54:33,-2.5333,112.95,86.5,73,41,2.44
492,Marsh Harbour,BS,2021-06-01 06:54:33,26.5412,-77.0636,77.88,73,100,15.17
493,Pajapan,MX,2021-06-01 06:54:34,18.25,-94.7,77.65,82,79,6.13
494,Sabang,ID,2021-06-01 06:54:34,5.8933,95.3214,84.13,72,100,15.46
495,Malanje,AO,2021-06-01 06:51:08,-9.5402,16.341,62.58,40,6,6.38
496,Nizwa,OM,2021-06-01 06:54:35,22.9333,57.5333,104.4,11,98,10.63
497,Denpasar,ID,2021-06-01 06:54:35,-8.65,115.2167,85.66,74,20,7.52
498,Panzhihua,CN,2021-06-01 06:54:35,26.5851,101.7128,92.34,34,100,1.3
499,Great Yarmouth,GB,2021-06-01 06:54:36,52.6083,1.7305,62.24,82,0,7.52
500,Pasighat,IN,2021-06-01 06:54:36,28.0667,95.3333,78.93,91,97,4.92
501,Sioux Lookout,CA,2021-06-01 06:54:37,50.1001,-91.917,53.98,93,1,2.3
502,Macau,MO,2021-06-01 06:51:02,22.2006,113.5461,89.71,94,75,14.97
503,Kungsbacka,SE,2021-06-01 06:51:16,57.4872,12.0761,60.75,85,100,1.01
504,Tommot,RU,2021-06-01 06:54:37,58.9564,126.2925,70.9,38,69,10.87
505,Salinas,US,2021-06-01 06:52:32,36.6777,-121.6555,65.16,83,90,11.5
506,Iberia,US,2021-06-01 06:54:38,29.9502,-91.7507,75.96,88,100,7.63
507,Kortkeros,RU,2021-06-01 06:54:38,61.8106,51.5806,60.8,37,67,10.11
508,Qinggang,CN,2021-06-01 06:54:39,46.6833,126.0833,64.11,46,93,13.96
509,Dondo,MZ,2021-06-01 06:54:39,-19.6094,34.7431,65.71,69,99,2.19
510,Bondowoso,ID,2021-06-01 06:54:39,-7.9135,113.8214,83.48,68,100,0.81
511,Tambacounda,SN,2021-06-01 06:54:40,13.7539,-13.7586,80.65,65,100,8.88
512,Alihe,CN,2021-06-01 06:54:40,50.5667,123.7167,53.19,98,100,7.54
513,Saint-Louis,SN,2021-06-01 06:54:41,16.3333,-15.0,74.84,70,100,11.7
514,Gouloure,BF,2021-06-01 06:54:41,12.2306,-1.9289,78.53,56,100,13.09
515,San Carlos De Bariloche,AR,2021-06-01 06:54:42,-41.1456,-71.3082,51.55,82,75,14.65
516,Reconquista,AR,2021-06-01 06:54:42,-29.15,-59.65,49.96,60,0,7.38
517,Staryy Nadym,RU,2021-06-01 06:54:42,65.6118,72.6842,51.13,44,100,14.18
518,Sarankhola,BD,2021-06-01 06:52:05,22.3082,89.7897,95.13,54,100,11.7
519,Villarrica,PY,2021-06-01 06:54:43,-25.75,-56.4333,51.04,51,0,3.22
520,Lagoa Vermelha,BR,2021-06-01 06:54:43,-28.2086,-51.5258,41.95,61,44,1.74
521,Prieska,ZA,2021-06-01 06:54:44,-29.6641,22.7474,47.48,61,0,8.28
522,Panacan,PH,2021-06-01 06:54:44,9.2463,118.4082,84.31,73,100,3.29
523,Szprotawa,PL,2021-06-01 06:54:45,51.5656,15.5366,66.13,58,100,6.24
524,Gwadar,PK,2021-06-01 06:54:45,25.1216,62.3254,92.08,61,0,9.28
525,Tanout,NE,2021-06-01 06:54:46,14.9709,8.8879,90.73,8,0,4.32
526,Najran,SA,2021-06-01 06:54:46,17.4924,44.1277,92.05,9,0,20.15
527,Porto Belo,BR,2021-06-01 06:54:46,-27.1578,-48.5531,63.16,90,99,5.86
528,Baruun-Urt,MN,2021-06-01 06:54:47,46.6806,113.2792,55.78,20,100,14.63
529,Liaozhong,CN,2021-06-01 06:54:47,41.5061,122.7242,77.49,26,1,6.93
530,Cabilauan,PH,2021-06-01 06:54:48,10.8922,122.6592,80.06,87,100,8.99
531,Thayetmyo,MM,2021-06-01 06:54:48,19.3167,95.1833,103.62,28,88,6.06
532,Jalu,LY,2021-06-01 06:54:48,29.0331,21.5482,80.65,30,0,10.16
533,Buchanan,LR,2021-06-01 06:54:49,5.8808,-10.0467,75.72,90,100,3.27
534,Khani,GE,2021-06-01 06:54:49,41.9563,42.9566,67.57,46,83,3.89
535,Yecapixtla,MX,2021-06-01 06:54:50,18.8833,-98.8667,73.6,80,70,2.84
536,New Waterford,US,2021-06-01 06:54:50,40.8451,-80.6145,55.65,86,100,2.66
537,Pemberton,CA,2021-06-01 06:50:00,50.3164,-122.8027,57.06,94,98,0.47
538,Nanakuli,US,2021-06-01 06:54:51,21.3906,-158.1547,79.99,65,40,4.09
539,Rantepao,ID,2021-06-01 06:54:51,-2.9701,119.8978,81.97,60,70,4.92
540,Prince Rupert,CA,2021-06-01 06:54:51,54.3161,-130.3201,55.49,97,90,9.22
541,Alice Springs,AU,2021-06-01 06:54:52,-23.7,133.8833,80.15,12,75,6.89
542,Neubrandenburg,DE,2021-06-01 06:54:52,53.5667,13.2667,61.9,74,100,9.82
543,Kutum,SD,2021-06-01 06:54:53,14.2,24.6667,90.01,18,58,11.32
544,Alyangula,AU,2021-06-01 06:54:53,-13.8483,136.4192,82.27,69,75,14.18
545,Vestmannaeyjar,IS,2021-06-01 06:54:53,63.4427,-20.2734,45.19,83,100,15.66
546,Shestakovo,RU,2021-06-01 06:54:54,56.4915,103.96,71.96,30,89,12.75
547,Yagodnoye,RU,2021-06-01 06:54:54,62.55,149.6667,47.73,55,100,4.59
548,Yarada,IN,2021-06-01 06:54:55,17.65,83.2667,95.32,59,40,15.68
549,General Roca,AR,2021-06-01 06:54:55,-39.0333,-67.5833,64.8,50,100,21.52
550,Shakhtinsk,KZ,2021-06-01 06:54:55,49.71,72.5872,84.76,26,97,10.36
551,Noumea,NC,2021-06-01 06:54:54,-22.2763,166.4572,73.0,99,80,9.06
552,Ponta Delgada,PT,2021-06-01 06:54:56,37.7333,-25.6667,59.72,72,20,19.57
553,Torrington,US,2021-06-01 06:54:56,41.8007,-73.1212,51.84,95,85,3.8
554,Borskoye,RU,2021-06-01 06:54:57,53.0333,51.7167,72.34,60,100,6.78
555,Ixtapa,MX,2021-06-01 06:54:57,20.7,-105.2,80.22,71,100,2.84
556,Bambari,CF,2021-06-01 06:54:58,5.768,20.6757,77.32,81,40,8.52
557,Ruthen,DE,2021-06-01 06:54:58,51.4909,8.436,64.35,55,0,7.0
